,id,property_id,status,title,description,price,rooms,living_space,address,coordinates,main_information,features,original_url,advertiser_url,advertiser_name,advertiser_contact,advertiser_address,updated_on,created_on
1,1441,4000757141,active,"""Wohnen im Grünen - Einfamilienhaus mit viel Potenzial an Toplage""","Suchen Sie ein Haus in ruhiger Umgebung, in einem bevorzugten Quartier in Unterentfelden, nicht weit von Aarau? Ein Haus, das sie nach Ihrem eigenen Geschmack sanft renovieren, erweitern oder total umbauen möchten? Ein Haus mit viel Charme, guter Besonnung und einem Ausblick in die Berge vom 1. Stock? Ein Haus mit viel Privatsphäre? Dann ist das genau die Liegenschaft für Sie.
Der alte Baumgarten, die Umgebung und das viele Grün lassen den Ort zur stillen Oase werden. Das Haus liegt in der Nähe von Wald und Kulturland, was zu Spaziergängen oder sportlichen Aktivitäten einlädt.
Das Haus wurde 1961 erbaut und wechselte nie die Besitzenden. Durch sanfte Renovationen wurde die Liegenschaft unterhalten, jedoch nicht verbaut. Durch die grosse Ausnützungsreserve sind (fast) keine Grenzen für eine Erweiterung gesetzt.","CHF
1,090,000.–",6.5,"154
m2","Alpenweg 8, 5035 Unterentfelden","47.372634739267,8.039572266889","{'Availability:': 'Immediately', 'Type:': 'Single house', 'No. of rooms:': '6.5', 'Number of floors:': '2', 'Surface living:': '154 m2', 'Floor space:': '258 m2', 'Land area:': '648 m2', 'Volume:': '710 m3', 'Room height:': '242 m', 'Last refurbishment:': '1989', 'Year built:': '1961'}","Balcony / Terrace, View, Child-friendly, Parking space, Garage",https://www.immoscout24.ch/buy/4000757141,,Iren Kuhn,+41792995243,,2024-02-11T13:47:48.000,2024-02-11T13:47:48.000
2,1444,4000757365,active,"""einzigartiges Bijou - ruhige sonnige Lage - verkehrstechnisch ideal - mit neuer Luftwärmepumpe""","LAGE  - unverbaubare Weitsicht - ruhige sonnige Lage - verkehrstechnisch ideal - in 5 Min im Bahnhof Buchs SG - kein Kirchenglocken- oder Autobahnlärm - Luftwärmepumpe 2022 - Fussbodenheizung -
Buchs und Sargans sind nicht nur als bedeutsame wirtschaftliche Standorte bekannt, sondern dank der Interstaatlichen Hochschule für Technik, der International School Rheintal und der Höheren Fachschule Südostschweiz (ibW) in Sargans auch als bewährte regionale Bildungszentren, die verkehrstechnisch ideal liegen.                                                                         
Familienchronik vorhanden
OBJEKT 
695 m2 Parzelle (Grundbuchauszug)            
112 m2 Gebäudegrundfläche
1051 m3 Kubatur
ca. 277 m2 Nutzfläche
ca. 198 m2 reine Wohnfläche
ca. 61 m2 Technik, Kellerzugang, Keller, Abstellraum 
ca. 34.5 m2 Terasse
Quartier/Garten:
sonniges, ruhiges Quartier 
unverbaubare Weitsicht in die Bündner Berge
gepflegter Garten
Gartenhaus mit Sauna
Sitzplatz mit Brot/Pizzabackofen
ca. 34.5 m2 Terasse gedeckt
windgeschützte Terasse
inkl. Bewilligung für Photovoltaikanlage auf Terassendach, Leitung bereits gezogen
ideal für Smartsteuerung
2 Parkplätze und 1 Besucher-Parkplatz
Elektroauto-Ladestation bei Doppelparkplatz
 Heizung:
Luftwärmepumpe WPSM, Einbau Nov. 2022
Fussbodenheizung mit Einzelregulierung
Innenausbau:
hochwertig, mit Flumroc
Badewanne/Dusche/WC mit zwei Lavabos OG
Separate Dusche/WC im EG
gemütlicher Ess- und Küchenbereich
heimeliges Wohnzimmer mit Kaminanschluss
4 pflegeleichte Schlafzimmer
unabhängige Erschliessung über Quatierstrasse
vorhanden: 
Sicherheitsnachweis Elektro EWS 
Grundbuchauszug ohne Lasten
Grunddienstbarkeitsvertrag/Zufahrtsrecht 
Grenzen intern, amtlich vermasst, Pläne vorhanden
ca. 27.5 m2 Naturkeller mit Frischluft und Licht 
Fassade neu gestrichen 2023
Wir freuen uns, Sie kennenzulernen.","CHF
1,430,000.–",5.5,"198
m2","Hostetgass 29, 9470 Buchs SG","47.144714030258,9.481241174805","{'Availability:': 'Immediately', 'Type:': 'Single house', 'No. of rooms:': '5.5', 'Number of floors:': '4', 'Surface living:': '198 m2', 'Floor space:': '277 m2', 'Land area:': '695 m2', 'Volume:': '1051 m3', 'Last refurbishment:': '2022'}",,https://www.immoscout24.ch/buy/4000757365,,Frau D'Alberti,+41787881299,,2024-02-11T14:30:15.000,2024-02-11T14:30:15.000
3,1526,4000757527,active,"""Studio meublé de 45 m2, lumineux et spacieux en très bon état""","*ENGLISH below*
Pour votre confort, le studio comprend : un hall d'entrée avec placard, 1 grande pièce à vivre avec 2 lits simples encastrables, coin sofa et table, et des armoires assorties complètement aménagées, 1 salle de bain avec lave-linge, une cuisine équipée et une grande terrasse de 10 m2.
Le studio est meublé, dispose de grandes baies vitrées sans vis-à-vis, et une orientation sud-est ce qui laisse entrer le soleil l'après-midi et en soirée.
En sous-sol, une cave de 5 m2 avec porte métallique et des murs en béton vous offre un espace de rangement pratique.
L'immeuble offre de nombreux avantages tel qu'un concierge qui réside sur place, un voisinage agréable, un grand nombre de places de parking pour voiture et moto pour les résidents et ou visiteurs, un accès sécurisé via digicode, et non pas une, mais plusieurs piscines privatives fraîchement rénovées sur le toit de l'immeuble, qui offrent une magnifique vue sur le jet d'eau, le lac Léman et le Salève.
Dans un environnement calme et verdoyant, le studio bénéficie d'une proximité immédiate avec toutes les commodités nécessaires à un quotidien pratique : arrêts de bus et de tram, gare des Eaux-Vives à moins de 5 minutes, supérette, station d'essence, café, restaurant, coiffeur et école.
Le studio est actuellement loué et serait idéal pour investisseurs.
Agences s'abstenir SVP.
***ENGLISH***
For your comfort, the studio includes: an entrance hall with cupboard, 1 large living room with 2 built-in single beds, sofa and table area, and fully fitted matching wardrobes, 1 bathroom with washing machine, an equipped kitchen and a large 10 m2 terrace.
The studio is furnished, has large bay windows, and a south-east orientation which lets in the sun in the afternoon and evening.
In the basement, a 5 m2 cellar with metal door and concrete walls offers you practical storage space.
The building offers many advantages such as a concierge who resides on site, a pleasant neighborhood, a large number of parking spaces for cars and motorcycles for residents and/or visitors, secure access via digital code, and not one, but several recently renovated private swimming pools on the roof of the building, which offer a magnificent view of the Jet d'Eau, Lake Léman and the Salève.
In a calm and green environment, the studio benefits from immediate proximity to all the amenities necessary for a practical daily life: bus and tram stops, Eaux-Vives train station less than 5 minutes away, supermarket, gas station, cafe, restaurant, hairdresser and school.
The studio is currently rented and would be ideal for investors.","CHF
695,000.–",1.5,"45
m2","Route de Malagnou, 1208 Genève","46.197644734261,6.161331802282","{'Availability:': 'By agreement', 'Type:': 'Studio', 'No. of rooms:': '1.5', 'Floor:': '3', 'Surface living:': '45 m2', 'Last refurbishment:': '2002', 'Year built:': '1960'}","Balcony / Terrace, View, Parking space, Elevator, Old building",https://www.immoscout24.ch/buy/4000757527,,Mme Guiral,+41795963959,,2024-02-11T16:38:41.000,2024-02-11T16:38:41.000
4,1527,4000757466,active,"""Appartement à Salavaux""","Magnifique appartement situé au calme,au bord de la Broye,sans route à proximité direct.
Près du centre du village,avec commerces divers
2 places de parc extérieures.
Belle terrasse de env. 10M2 avec vue sur la nature.
La plage de Salavaux au bord du lac de Morat à 15Min à pied.
Ecole primaire à 5Min à Pied.
Acces autoroute Avenches 6Min en voiture .","CHF
580,000.–",4.5,"86
m2","Savoies 16, 1585 Salavaux","46.916924733269,7.022741802281","{'Availability:': '01.07.2024', 'Type:': 'Apartment', 'No. of rooms:': '4.5', 'Floor:': '1', 'Surface living:': '86 m2', 'Last refurbishment:': '2017', 'Year built:': '2017'}","Balcony / Terrace, View, Wheelchair access, Child-friendly, Parking space, Elevator, New building",https://www.immoscout24.ch/buy/4000757466,,Sébastien Mauron,+41794126425,,2024-02-11T16:38:41.000,2024-02-11T16:38:41.000
5,1528,4000757659,active,"""Chalet à Haute-Nendaz 4.5 pièces à proximité du centre de la station""","Situé à moins d'un kilomètre du centre de la station, ce chalet jouit d'un emplacement privilégié au calme.
Il dispose:
Au rez inférieur de trois chambres, d'une salle de douche, d'un local technique avec accès depuis l'extérieur.
A l'étage de la porte d'entrée principale avec un hall d'entrée fermé, d'une cuisine ouverte sur le living room, un salon avec fourneau à bois, une salle de douche.
Une jolie terrasse aménagée orientée Sud ainsi qu'un balcon faisant le tour du chalet permettent de profiter de la vue imprenable sur les Alpes et de profiter de l'ensoleillement.
Trois places de parc extérieures sont comprises avec le chalet.
Le chalet est chauffé grâce à une pompe à chaleur air/eau avec distribution de chaleur par le sol.
L'arrêt de ski-bus est à moins de 200 mètres.","CHF
945,000.–",4.5,"96
m2","Chemin de Tsamandon, 1997 Haute-Nendaz","46.180774542522,7.281892002061","{'Availability:': 'By agreement', 'Type:': 'Chalet', 'No. of rooms:': '4.5', 'Number of floors:': '2', 'Surface living:': '96 m2', 'Floor space:': '96 m2', 'Land area:': '435 m2', 'Last refurbishment:': '2022', 'Year built:': '1994'}","Balcony / Terrace, Fireplace, View, Child-friendly, Parking space",https://www.immoscout24.ch/buy/4000757659,,Florian Dugerdil,+41791230909,,2024-02-11T17:29:17.000,2024-02-11T17:29:17.000
6,1532,4000757615,active,"""Bungalow in Marbach LU""","Zu verkaufen von Privat
 auf ganzjährig geöffnetem Camping Sternen in 6196 Marbach LU (Entlebuch) mit Erst-Wohnsitzmöglichkeit
 Sehr schönes 2 1/2 Zimmer Bungalow mit 55 m2 Grundfläche (Massivbau Metall-Holz)
 - Terrasse 23 m2 + Rasenstreifen
- Nebengebäude 6 m2 aus Metall (Heizung, Geräte, Lagerraum)
- überdachter Parkplatz beim Bungalow
- Haustiere sind erlaubt
- Sat-TV und kostenloses WIFI
- Gas-Wasser-Bodenheizung + Attika Cheminée-Ofen 
- aktuelle Jahresplatzmiete der Parzelle CHF 4'500.-
- Bezug nach Absprache
 Verhandlungsbasis CHF 170'000.- (könnte auch möbliert übernommen werden)
 P. + L. Risi   Tel. 079 635 86 93","CHF
170,000.–",2.5,"55
m2","Camping Sternen 430, 6196 Marbach LU","46.853939542521,7.900122002068","{'Availability:': 'By agreement', 'Type:': 'Chalet', 'No. of rooms:': '2.5', 'Number of floors:': '1', 'Surface living:': '55 m2', 'Floor space:': '200 m2', 'Land area:': '200 m2', 'Volume:': '165 m3', 'Room height:': '2.5 m', 'Last refurbishment:': '2021', 'Year built:': '2010'}","Balcony / Terrace, Fireplace, Child-friendly, Parking space, Old building",https://www.immoscout24.ch/buy/4000757615,,Paul Risi,+41796358693,,2024-02-11T17:29:17.000,2024-02-11T17:29:17.000
7,1536,4000757739,active,"""3.5-Zimmer Mezzanin (2 Stöcke) Wohnung mit vollständiger Inneneinrichtung & Tiefgaragenparkplatz""","KOYA sind 34 japanisch-inspirierte Apartments mit grosszügigen Gemeinschaftsbereichen und einer Sauna im Erdgeschoss. Koya bedeutet Apartments mit grosszügigen Fensterfronten mit Aussicht auf das Tal und clevere Einbaumöbel für maximalen Platz und Vielseitigkeit.
Dieses 3.5 Zimmer Mezzanin-Apartment (auf zwei Stockwerken) mit 2 Schlafzimmern und 2 Badezimmern ist hell und geräumig mit einer Deckenhöhe von fast 5 Metern. Das clevere Design erinnert an Origami und überzeugt durch grosszügigen Stauraum. Beispielsweise die Sitzbank: Das Oberteil kann hochgeklappt werden und bietet ein Fach für zusätzliche Decken und Überwürfe. Alle Apartments sind mit Eichenböden, Armaturen von Grohe im Badezimmer und Küchengeräten von Electrolux ausgestattet.
Vollständige Inneneinrichtung wie z.B. 2 x 50"" TVs, Sonos Beam (2 Gen), Electrolux wash & dry, Nespresso Maschine, Betten inkl. Bettwäschen, Staubsauger, Küchenutensilien wie Töpfe, Pfannen, Geschirr, Besteck und vieles mehr.
Ein Kellerabteil und ein Skisschrank, Mitnutzung der Sauna im Erdgeschoss und der Gemeinschaftsküche im Eingangsbereich.
1 Tiefgaragenparkplatz im Wert von CHF 60'000.-
 ________________________________________________________________
KOYA is 34 Japanese-inspired flats with spacious communal areas and a sauna on the ground floor. Koya means flats with large windows overlooking the valley and clever built-in furniture to maximise space and versatility.
This 3.5 room mezzanine flat (on two floors) with 2 bedrooms and 2 bathrooms is bright and spacious with a ceiling height of almost 5 metres. The clever design is reminiscent of origami and impresses with generous storage space. Take the bench, for example: the upper section can be folded up and offers a compartment for additional blankets and throws. All flats are fitted with oak floors, Grohe fittings in the bathroom and Electrolux kitchen appliances.
Complete interior equipment such as 2 x 50"" TVs, Sonos Beam (2 Gen), Electrolux wash & dry, Nespresso machine, beds incl. bed linen, hoover, kitchen utensils such as pots, pans, crockery, cutlery and much more.
A cellar and a ski locker, shared use of the sauna on the ground floor and the communal kitchen in the entrance hall.
1 parking space in the underground car park worth CHF 60'000.-","CHF
1,740,000.–",3.5,"92
m2","Ritomgasse 9, 6490 Andermatt","46.638764737275,8.589312311904","{'Availability:': 'By agreement', 'Type:': 'Apartment', 'No. of rooms:': '3.5', 'Floor:': '2', 'Surface living:': '92 m2', 'Last refurbishment:': '2022', 'Year built:': '2022'}","View, Wheelchair access, Child-friendly, Garage, Elevator, New building, Minergie certified, Minergie construction",https://www.immoscout24.ch/buy/4000757739,,Samuel Kurath,+41764230003,,2024-02-11T19:29:26.000,2024-02-11T19:29:26.000
8,1537,4000757734,active,"""3 ½ Zimmer Gartenwohnung inkl. grossem Bastelraum""","Bezugsbereit ab 1. November 2024.
3.5-Zimmer Gartenwohnung im Erdgeschoss an ruhiger und zentrumsnaher Lage.
 Highlights der Wohnung:
26m2 Bastelraum mit Fenster und Internetanschluss
Zentrumsnah
Perfekte Anbindung an öffentliche Verkehrsmittel und Autobahn
Gartenoase von 56m2 (davon 13m2 gedeckt) gegen Südwesten ausgerichtet
Minergie Standard
Wärmepumpenheizung
Bodenheizung
Raumhöhe 2.5m
2 Badezimmer (Dusche/Badewanne)
Plattenboden im Wohn-und Essbereich sowie in den Zwischengängen und Bädern
Laminatboden im Schlaf- und Kinderzimmer
Eigene Waschmaschine und Tumbler in der Wohnung
Zusätzliche gemeinschaftliche Waschküche im Untergeschoss
Geschlossenes Kellerabteil
Möglichkeit zur Übernahme der bestehenden Hypothek von CHF 245'000 zu Vorzugskonditionen von 1.10%.
Zwei Einstellhallenplätze werden zusammen mit der Wohnung für je CHF 38'000 mitverkauft. Diese sind bereits mit der Grundinstallation für Elektrofahrzeuge ausgestattet. Die Einstellhalle hat einen direkten, barrierefreien Zugang zum Wohngebäude.
Haben wir Ihr Interesse geweckt? Zögern Sie nicht uns für die Verkaufsdokumentation oder einen Besichtigungstermin zu kontaktieren.
Privatverkauf bitte keine Anfragen von Immobilienmaklern","CHF
695,000.–",3.5,"108
m2","Erlacherweg 6, 2503 Biel","47.128703933279,7.254832311902","{'Availability:': '01.11.2024', 'Type:': 'Apartment', 'No. of rooms:': '3.5', 'Floor:': 'GF', 'Surface living:': '108 m2', 'Last refurbishment:': '2019', 'Year built:': '2009'}","Balcony / Terrace, Wheelchair access, Child-friendly, Parking space, Garage, Elevator, Minergie certified, Minergie construction",https://www.immoscout24.ch/buy/4000757734,,Nina Studer,+41763064717,,2024-02-11T19:29:26.000,2024-02-11T19:29:26.000
9,1580,4000758163,active,"""Chalet inklusive Bauland (W3)""","Wir verkaufen nach Vereinbarung unser Chalet inklusive Bauland in Blatten b. Naters Das Chalet besitzt zwei Wohnungen 3 1/2 Zimmerwohungen mit Total 100m2 Wohnfläche, sowie einen Stadel mit Keller.
Das Chalet befindet sich auf einer Bauparzelle W3 mit Total 1413 m2 Fläche mit einer Ausnützungsziffer von 1.0.",On request,4,"105
m2","Haldenweg 1, 3914 Blatten b. Naters","46.359234733251,7.982992461563","{'Availability:': 'By agreement', 'Type:': 'Chalet', 'No. of rooms:': '4', 'Number of floors:': '2', 'Surface living:': '105 m2', 'Floor space:': '1413 m2', 'Land area:': '1413 m2'}","Pets allowed, Balcony / Terrace, Keller, Attic compartment, Storeroom, Dishwasher, Fireplace, View, Child-friendly, Parking space, Old building",https://www.immoscout24.ch/buy/4000758163,,Daniel Jossen,+41796233692,,2024-02-11T23:22:35.000,2024-02-11T23:22:35.000
10,1581,4000758161,active,"""Châlet Anzere""","Magnifique chalet au centre d’Anzère , 2 immenses salon familial dans un grand espace très lumineux. Rez de chaussée un jacuzzi, et espace sauna tout équipé. A l’étage supérieur 3 chambres et une salle de bain . Une chambre parental au rez-de-chaussée . A l’extérieur possibilité de place de parking pour 5 à 6 voitures . ( voir mètre carré de l’ensemble) je suis à votre disposition pour des questions ou éventuellement une visite sur rendez vous .","CHF
1,650,000.–",5.5,"300
m2","Rue des audannes 8b, 1972 Anzère","46.298464737255,7.401672461567","{'Availability:': 'Immediately', 'Type:': 'Chalet', 'No. of rooms:': '5.5', 'Number of floors:': '2', 'Surface living:': '300 m2', 'Land area:': '580 m2'}","Balcony / Terrace, Keller, Storeroom, Dishwasher, Cable TV, Fireplace, View, Child-friendly, Parking space, Garage",https://www.immoscout24.ch/buy/4000758161,,,+41796293947,,2024-02-11T23:22:35.000,2024-02-11T23:22:35.000
11,1630,4000758628,active,"""Jolie maison villageoise à rénover""","Cette maison villageoise de 8 pièces est idéalement située, au coeur de la charmante ville d'Aubonne, à deux pas des transports publics et à proximité de toutes les commodités.

Elle offre de nombreuses possibilités d'aménagement et de transformations. Avec un potentiel de développement intéressant, elle ne demande qu'à être rénovée en préservant son cachet tout en y ajoutant une touche de moderne.

La maison propose de beaux volumes, répartis sur 3 niveaux et une surface de près de 240m2 habitables.

Une place de parc en sus : CHF 20'000.-","CHF
1,360,000.–",7.5,"215
m2",1170 Aubonne,"46.493764540798,6.388981112552","{'Availability:': 'By agreement', 'Type:': 'Villa', 'No. of rooms:': '7.5', 'Surface living:': '215 m2', 'Floor space:': '290 m2', 'Last refurbishment:': '2023'}",Parking space,https://www.immoscout24.ch/buy/4000758628,,,+41213219070,,2024-02-12T05:22:12.000,2024-02-12T05:22:12.000
12,1688,4000758894,active,"""EXKLUSIVE VILLA IN GROSSAFFOLTERN, GARTENANLAGE, WELLNESS UND VIELES MEHR""","Exklusive Villa in Grossaffoltern: Ihr Traum vom Luxusleben
Besondere Merkmale:

Erstklassige Lage in Grossaffoltern

Freistehende Villa über drei Etagen
- Grundstück: Grosszügiges Grundstück von 524 m²
- Baujahr: Baujahr 1991, kontinuierlich renoviert und modernisiert
- Wohnfläche: 6.5 Zimmer mit 232 m² Nettowohnfläche
- EG: Küche und Essbereich: Traumhafte Küche, offener Essbereich
- EG: Wohnzimmer: Geräumiges Wohnzimmer mit Cheminée
- EG: Zwei Schlafzimmer im - Erdgeschoss, eines mit eigenem Badezimmer
- EG: Gästetoilette vorhanden
- OG: Drei Schlafzimmer im Obergeschoss, eines mit eigener Sauna
- Untergeschoss mit Wellneoase
- Heizung: Ölheizung mit Bodenheizung
- Aussenterrassen: Zwei Aussenterrassen
- Pergola: Schöne Pergola zum Verweilen
- Gartenbereich: Idyllischer Gartenbereich für Entspannung und Erholung, Gartenhaus
- Garage: elektrische Doppelgarage und Velo-Mofaraum

Diese exklusive Villa in Grossaffoltern bietet eine Fusion aus modernstem Wohnkomfort, natürlicher Schönheit und einer begehrten Lage. Für weitere Informationen, Besichtigungstermine oder Fragen stehen wir Ihnen gerne zur Verfügung. Zögern Sie nicht, uns noch heute zu kontaktieren, um diese außergewöhnliche Gelegenheit nicht zu verpassen.",On request,6.5,"232
m2",3257 Grossaffoltern,"47.066197035263,7.361004354007","{'Availability:': 'Immediately', 'Type:': 'Single house', 'No. of rooms:': '6.5', 'Surface living:': '232 m2', 'Floor space:': '232 m2', 'Land area:': '524 m2', 'Volume:': '1199 m3', 'Last refurbishment:': '2021', 'Year built:': '1991'}","Pets allowed, Balcony / Terrace, Fireplace, Child-friendly, Parking space, Garage",https://www.immoscout24.ch/buy/4000758894,,,+41797418888,,2024-02-12T08:27:30.000,2024-02-12T08:27:30.000
13,1689,4000758893,active,"""EINZIGARTIGES REIHENEINFAMILIENHAUS AN RUHIGER LAGE""","Reiheneinfamilienhaus in Altikon: Ihr Traumhaus erwartet Sie!


Herzlich willkommen in Ihrem zukünftigen Zuhause in Altikon ? einem verträumten Juwel einer Gemeinde, perfekt geeignet für Familien und Paare, die die Ruhe und Schönheit des Landlebens schätzen. Dieses exklusive Reiheneinfamilienhaus ist nicht nur ein Haus, sondern ein lebendiges Kunstwerk in einer charmanten dreiteiligen Hausreihe. Und das Beste daran? Trotz seiner Nachbarschaftslage ist Privatsphäre hier ein absolutes Muss!





Ihr neues Leben beginnt hier

Wenn Sie das Haus betreten, begrüsst Sie ein einladender Vorplatz, der förmlich zum Verweilen einlädt. Schon beim Eintreten spüren Sie die besondere Atmosphäre. Ein stilvoller Eingangsbereich leitet Sie in ein grosszügiges Wohnparadies. Direkt rechts finden Sie eine geschmackvoll gestaltete Gästetoilette mit einem Fenster. Der weitläufige Wohnbereich vor Ihnen bietet nicht nur Raum, sondern Lebensqualität. Die offene Küche zur Linken schafft eine harmonische Verbindung der Räume und bietet eine grosszügige Raumaufteilung. Im grossem Ess- und Wohnzimmer finden Sie genügend Platz für Ihre Träume. Der direkte Zugang zum Garten verbindet Sie mit der Natur ? ein Raum zum Geniessen, Entspannen und Leben.





Luxus und Komfort, wo immer Sie hinschauen

Das Obergeschoss beherbergt drei Schlafzimmer und ein Badezimmer mit einer Dusche und einer einladenden Badewanne, die nur darauf wartet, Ihre Entspannungswünsche zu erfüllen.

Im Dachgeschoss finden Sie drei weitere Zimmer, ein weiteres Badezimmer mit Dusche und ein wunderschönes Dachfenster, das den Raum in ein natürliches Licht taucht und Ihre Träume erhellt. Diese Räume sind Ihre Leinwand, auf der Sie Ihr Leben gestalten können.

Der Estrich bietet reichlich Stauraum und die Möglichkeit, einen Cheminéeofen im Erdgeschoss anzuschliessen ? alle Vorbereitungen sind bereits getroffen!







Unbegrenzte Möglichkeiten im Untergeschoss

Das Untergeschoss beeindruckt mit fünf vielseitig nutzbaren Räumen, zwei davon mit charmanten kleinen Fenstern. Ein Raum verfügt sogar über einen eigenen separaten Zugang zum Haus. Die Optionen sind so vielfältig wie Ihre Träume ? nutzen Sie diese Räume als Home-Office, Gästesuite oder Fitnessoase. Von dem Untergeschoss hat man ein seperaten Zugang zum Haus.





Der Garten als Ihr persönlicher Rückzugsort

Ihr neues Zuhause ist nicht nur auf die Innenräume beschränkt. Der Garten, den man direkt vom Wohnzimmer erreicht, erweitert Ihren Wohnraum nach draussen. Hier können Sie im Sommer wie im Winter die Natur in vollen Zügen geniessen und Ihre persönliche Oase gestalten.





Der Beginn einer neuen Lebensreise

In diesem Reiheneinfamilienhaus in Altikon erwartet Sie nicht nur ein neues Zuhause, sondern eine Lebenserfahrung. Hier wird jeder Tag zu einem Abenteuer, jeder Raum zu einem Erlebnis. Zögern Sie nicht, uns für weitere Informationen oder eine persönliche Besichtigung zu kontaktieren. Dieses Haus erzählt Geschichten und wartet darauf, Ihre eigene Geschichte zu beherbergen. Der perfekte Zeitpunkt für Ihr neues Kapitel ist jetzt! Gehen Sie den ersten Schritt und lassen Sie sich von diesem einzigartigen Haus verzaubern. Ihr Traumhaus wartet auf Sie!",On request,7.5,"203
m2","Thurtalstrasse 8, 8479 Altikon","47.572604737265,8.779814354702","{'Availability:': 'By agreement', 'Type:': 'Row house', 'No. of rooms:': '7.5', 'Number of floors:': '5', 'Surface living:': '203 m2', 'Floor space:': '112 m2', 'Land area:': '243 m2', 'Last refurbishment:': '2023'}","Pets allowed, Balcony / Terrace, Child-friendly, Parking space, Garage",https://www.immoscout24.ch/buy/4000758893,,,+41797418888,,2024-02-12T08:27:30.000,2024-02-12T08:27:30.000
14,1690,4000758892,active,"""RENOVIERTES REIHENEINFAMILIENHAUS IN SAFNERN""","Ihr Traumhaus erwartet Sie in Safnern!

Herzlich willkommen in dieser charmanten, kinderfreundlichen Gemeinde, wo wir Ihnen ein neu renoviertes Reiheneinfamilienhaus präsentieren, das buchstäblich alles bietet, was Sie sich wünschen können. Diese Immobilie zeichnet sich nicht nur durch ihre erstklassige Lage aus, sondern auch durch ihre makellose Pflege und Liebe zum Detail. Hier erleben Sie die perfekte Verbindung von Nachbarschaftsgemeinschaft und Privatsphäre.

Dieses dreigeschossige Reiheneinfamilienhaus ist wie massgeschneidert für Ihre Bedürfnisse.

Schon beim Betreten des Erdgeschosses werden Sie von einer hochmodernen, erst kürzlich komplett neu eingebauten Küche empfangen. Diese ist nicht nur funktional, sondern auch ein echter Blickfang. Das gesamte Erdgeschoss ist Teil eines harmonischen offenen Wohnkonzepts, das den Wohnbereich nahtlos mit der Küche verbindet.

Hier befindet sich auch das geräumige Wohnzimmer, der ideale Ort, um sich zu entspannen. Vom Wohnzimmer aus gelangen Sie auf die überdachte Terrasse und in den Garten, der förmlich zum Verweilen einlädt. Träumen Sie von einem eigenen grünen Paradies? Hier können Sie Ihren Traum in die Tat umsetzen.

Im ersten Obergeschoss erwarten Sie zwei grosszügige Schlafzimmer. Das Badezimmer mit seiner hochwertigen Duschkabine wurde gerade erst aufwendig komplett renoviert und ist mit erstklassigen Materialien ausgestattet.

Im zweiten Obergeschoss befinden sich zwei weitere gemütliche Schlafzimmer und ein Badezimmer mit einer einladenden Badewanne, das sich in ausgezeichnetem Zustand präsentiert.

Im Untergeschoss finden Sie einen grosszügigen Vorplatz, einen praktischen Waschraum mit Waschturm, zusätzliche Abstellräume, einen geräumigen Keller und Zugang zu den beiden Einstellhallenparkplätzen, die nicht im Verkaufspreis inbegriffen sind.

Hier sind einige weitere Highlights dieser einzigartigen Immobilie:



Heimeliges Reiheneinfamilienhaus
Hochwertige renovierte Küche
Hochwertig renovierte Badezimmer
Offenes Wohnkonzept für ein harmonisches Familienleben
Terasse und Balkon
Vier grosszügige Schlafzimmer
Grosser Keller
Ein großer Garten, bereit für Ihre persönlichen Gestaltungsideen
Zwei Einstellhallenparkplätze, die nicht im Preis inbegriffen sind
Dieses Reiheneinfamilienhaus ist bereit, Ihre Träume von einem perfekten Zuhause zu erfüllen.

Es kombiniert Eleganz, Gemütlichkeit und Funktionalität auf eine einzigartige Weise. Kontaktieren Sie uns noch heute, um weitere Informationen zu erhalten oder eine Besichtigung zu vereinbaren. Wir freuen uns darauf, Sie in Ihrem möglichen neuen Zuhause willkommen zu heissen.","CHF
648,000.–",5.5,"121
m2","Meisenweg 2A, 2553 Safnern","47.147210836264,7.327848359705","{'Availability:': 'By agreement', 'Type:': 'Row house', 'No. of rooms:': '5.5', 'Number of floors:': '3', 'Surface living:': '121 m2'}","Pets allowed, Balcony / Terrace, Child-friendly, Parking space, Garage, Part of a flat share",https://www.immoscout24.ch/buy/4000758892,,,+41797418888,,2024-02-12T08:27:30.000,2024-02-12T08:27:30.000
15,1691,4000758891,active,"""FREISTEHNDES HAUS FÜR NATUR- UND PFERDELIEBHABER""","BIJOU IM SCHÖNEN UTZESNTORF
Diese erstklassige Reitsportimmobilie, lässt keine
Wünsche offen. Zwei Parzellen mit über 10'000 m2 Fläche.

Was Ihr neues Zuhause Ihnen alles bietet:

- Bauernhaus
- Bulthaup Küche
- Wohn- und Esszimmer mit Kachelofen
- Wohlfühlraum mit Cheminée 40 m2
- 5 Zimmer
- Ankleidezimmer
- 2 Badezimmer
- Waschküche
- Unterkellert (inkls. pellet Holzheizung)
- Laube
- Wintergarten 25 m2
- Sitzplatz
- Terrasse
- Swimmingpool 20 m2
- Garten 1'000 m2
- Stall
- Futterdepot
- Stattelkammer
- Pferdelaufstall
- Weide

Für detaillierte Informationen kontaktieren Sie
uns telefonisch oder über das Kontaktformular.

Wir freuen uns über Ihr Interesse.",On request,6.5,"250
m2",3427 Utzenstorf,"47.127894734261,7.558245353906","{'Availability:': 'Immediately', 'Type:': 'Single house', 'No. of rooms:': '6.5', 'Floor:': '3', 'Number of floors:': '3', 'Surface living:': '250 m2', 'Land area:': '10366 m2', 'Volume:': '3060 m3', 'Last refurbishment:': '2002', 'Year built:': '1938'}","Pets allowed, Balcony / Terrace, With a summer house, Child-friendly, Parking space, Swimming pool, Connected land for building",https://www.immoscout24.ch/buy/4000758891,,,+41797418888,,2024-02-12T08:27:30.000,2024-02-12T08:27:30.000
16,1693,4000758886,active,"""TOP LAGE! FREISTEHNDES HAUS FÜR NATUR- UND PFERDELIEBHABER""","BIJOU IM SCHÖNEN UTZESNTORF
Diese erstklassige Reitsportimmobilie, lässt keine
Wünsche offen. Zwei Parzellen mit über 10'000 m2 Fläche.

Was Ihr neues Zuhause Ihnen alles bietet:

- Bauernhaus
- Bulthaup Küche
- Wohn- und Esszimmer mit Kachelofen
- Wohlfühlraum mit Cheminée 40 m2
- 5 Zimmer
- Ankleidezimmer
- 2 Badezimmer
- Waschküche
- Unterkellert (inkls. pellet Holzheizung)
- Laube
- Wintergarten 25 m2
- Sitzplatz
- Terrasse
- Swimmingpool 20 m2
- Garten 1'000 m2
- Stall
- Futterdepot
- Stattelkammer
- Pferdelaufstall
- Weide

Für detaillierte Informationen kontaktieren Sie
uns telefonisch oder über das Kontaktformular.

Wir freuen uns über Ihr Interesse.","CHF
2,398,000.–",6.5,"250
m2",3427 Utzenstorf,"47.127894734261,7.558245353906","{'Availability:': 'Immediately', 'Type:': 'Single house', 'No. of rooms:': '6.5', 'Floor:': '3', 'Number of floors:': '3', 'Surface living:': '250 m2', 'Land area:': '10366 m2', 'Volume:': '3060 m3', 'Last refurbishment:': '2002', 'Year built:': '1938'}","Pets allowed, Balcony / Terrace, With a summer house, Child-friendly, Parking space, Swimming pool, Connected land for building",https://www.immoscout24.ch/buy/4000758886,,,+41797418888,,2024-02-12T08:27:30.000,2024-02-12T08:27:30.000
17,1697,4000759061,active,"""TOP ANGEBOT - REIHENEINFAMILIENHAUS IM SCHÖNEM WOHNQUARTIER""","Perfektes Zuhause für Familien in kinderfreundlicher Lage
Willkommen im perfekten Zuhause für Sie und Ihre Familie!
Wir präsentieren Ihnen ein wunderschönes Reiheneinfamilienhaus, das in einem aussergewöhnlich gepflegten Zustand ist und auf neue Besitzer wartet, die seine zahlreichen Vorzüge zu schätzen wissen.

Reiheneinfamilienhaus per sofort Einzugsbereit
Auf 4 Etagen verteilt
Offenes Wohnkonzept
Grosses Wohn- und Esszimmer
5 Schlafzimmer + zusätzliches Zimmer
2 Badezimmer, sep. Gästetoilette
Wintergarten mit Ventilator und Sonnenstoren
Alarmanlage vorhanden
Gartenfläche
Doppelgarage
Spielplatz
Kontaktieren Sie mich noch heute und sichern Sie sich Ihr neues Traumhaus!







Dieses Reiheneinfamilienhaus bietet Ihnen und Ihrer Familie ein perfektes Zuhause in einer kinderfreundlichen Umgebung. Die durchdachte Raumaufteilung, der hervorragende Zustand und die Vielzahl an Nutzungsmöglichkeiten, macht dieses Haus zu Ihrer idealen Wahl. Zudem lädt die umliegende Natur zu erholsamen Spaziergängen und vielfältigen Freizeitaktivitäten im Freien ein.



Untergeschoss:
Die Einstellhalle beherbergt eine grosszügige Doppelgarage, die Ihnen viel Platz bietet. Von dort aus haben Sie einen direkten Zugang zum Haus. Im Untergeschoss finden Sie drei vielseitig nutzbare Räumlichkeiten. Dank der offenen Gestaltung können Sie diese Räume ganz nach Ihren individuellen Bedürfnissen gestalten und Ihrer Kreativität freien Lauf lassen. Zusätzlich haben Sie von hier aus einem direkten Zugang zur Einstellhalle und zur geräumigen Doppelgarage.



Erdgeschoss:
Beim Betreten des Hauses werden Sie sofort von einem offenen Wohnkonzept im Erdgeschoss begeistert sein. Hier erwartet Sie ein grosszügiges Wohn- und Esszimmer mit einer modernen Küche, die zum gemeinsamen Kochen und Geniessen einlädt. Eine Gästetoilette ist ebenfalls vorhanden. Ein besonderes Highlight ist der Wintergarten, der direkt vom Wohnzimmer aus zugänglich ist. Geniessen Sie hier das ganzjährige Wohnen im Einklang mit der Natur. Der Wintergarten verfügt über Sonnenstoren und einen Ventilator, sodass Sie das Raumklima nach Ihren Wünschen regulieren können. Sie können den Wintergarten auch ganz öffnen. Von hier aus gelangen Sie auch auf die einladende Holzterrasse, die mit einer grosszügigen Gartenfläche verbunden ist. Hier haben Ihre Kinder ausreichend Platz zum Spielen und Toben.



Obergeschoss:
Das Obergeschoss des Hauses beherbergt vier komfortable Schlafzimmer sowie ein Badezimmer mit einer entspannenden Badewanne und einer erfrischenden Dusche. Zwei der Schlafzimmer verfügen über einen Balkon, von dem aus Sie die atemberaubende Naturkulisse und Alpenkette in vollen Zügen geniessen können. Die Schlafzimmer bieten ausreichend Platz für die ganze Familie und lassen Ihnen genug Freiraum für individuelle Gestaltungsmöglichkeiten.





Dachgeschoss:
Im Dachgeschoss erwartet Sie ein besonders grosses Zimmer, das Ihnen vielfältige Nutzungsmöglichkeiten bietet. Ob als gemütlicher Rückzugsort, Hobbyraum oder Arbeitsbereich - hier können Sie Ihre Träume verwirklichen. Zusätzlich gibt es ein weiteres Badezimmer mit Dusche. Ein zusätzliches Zimmer, das als Abstellraum oder Büro genutzt werden kann, rundet diese Etage ab und bietet Ihnen zusätzliche Flexibilität.



Lage:
Dieses Haus liegt in einem äusserst kinderfreundlichen Quartier, umgeben von einer idyllischen Naturlandschaft. Hier können Sie das Beste aus beiden Welten geniessen: eine ruhige Umgebung mit viel Grün und gleichzeitig eine hervorragende Anbindung an Einrichtungen und Verkehrsanbindungen in der Nähe.



Wir laden Sie herzlich ein, dieses Haus persönlich zu besichtigen und sich selbst von seinen einzigartigen Vorzügen zu überzeugen. Zögern Sie nicht, uns für weitere Informationen oder zur Vereinbarung eines Besichtigungstermins zu kontaktieren.



Für einen Besichtigungstermin, benötigen wir von Ihnen einen Finanzierungs- oder Eigenkapitalnachweis.









Die folgenden Städte bzw. Orte sind wie folgt mit dem Auto erreichbar:



Olten: 3.4 km / 9 min
Hägendorf: 3.7 km / 10 min
Aarau: 17km / 31 min
Solothurn: 33.3 km / 38 min
Basel: 45.8 km / 48min
Bern: 62.9 km / 58 min
Zürich: 68.6 km / 1 h 8 min",On request,7,"296
m2","Chrummatt 20, 4612 Wangen b. Olten","47.342230526654,7.875201024602","{'Availability:': 'Immediately', 'Type:': 'Row house', 'No. of rooms:': '7', 'Number of floors:': '4', 'Surface living:': '296 m2', 'Land area:': '209 m2', 'Volume:': '879 m3', 'Last refurbishment:': '2014', 'Year built:': '1990'}","Pets allowed, Balcony / Terrace, Child-friendly, Parking space, Garage",https://www.immoscout24.ch/buy/4000759061,,,+41797418888,,2024-02-12T09:26:05.000,2024-02-12T09:26:05.000
18,1698,4000759059,active,"""EINZIGARTIGES REIHENEINFAMILIENHAUS AN RUHIGER LAGE""","Reiheneinfamilienhaus in Altikon: Ihr Traumhaus erwartet Sie!


Herzlich willkommen in Ihrem zukünftigen Zuhause in Altikon ? einem verträumten Juwel einer Gemeinde, perfekt geeignet für Familien und Paare, die die Ruhe und Schönheit des Landlebens schätzen. Dieses exklusive Reiheneinfamilienhaus ist nicht nur ein Haus, sondern ein lebendiges Kunstwerk in einer charmanten dreiteiligen Hausreihe. Und das Beste daran? Trotz seiner Nachbarschaftslage ist Privatsphäre hier ein absolutes Muss!





Ihr neues Leben beginnt hier

Wenn Sie das Haus betreten, begrüsst Sie ein einladender Vorplatz, der förmlich zum Verweilen einlädt. Schon beim Eintreten spüren Sie die besondere Atmosphäre. Ein stilvoller Eingangsbereich leitet Sie in ein grosszügiges Wohnparadies. Direkt rechts finden Sie eine geschmackvoll gestaltete Gästetoilette mit einem Fenster. Der weitläufige Wohnbereich vor Ihnen bietet nicht nur Raum, sondern Lebensqualität. Die offene Küche zur Linken schafft eine harmonische Verbindung der Räume und bietet eine grosszügige Raumaufteilung. Im grossem Ess- und Wohnzimmer finden Sie genügend Platz für Ihre Träume. Der direkte Zugang zum Garten verbindet Sie mit der Natur ? ein Raum zum Geniessen, Entspannen und Leben.





Luxus und Komfort, wo immer Sie hinschauen

Das Obergeschoss beherbergt drei Schlafzimmer und ein Badezimmer mit einer Dusche und einer einladenden Badewanne, die nur darauf wartet, Ihre Entspannungswünsche zu erfüllen.

Im Dachgeschoss finden Sie drei weitere Zimmer, ein weiteres Badezimmer mit Dusche und ein wunderschönes Dachfenster, das den Raum in ein natürliches Licht taucht und Ihre Träume erhellt. Diese Räume sind Ihre Leinwand, auf der Sie Ihr Leben gestalten können.

Der Estrich bietet reichlich Stauraum und die Möglichkeit, einen Cheminéeofen im Erdgeschoss anzuschliessen ? alle Vorbereitungen sind bereits getroffen!







Unbegrenzte Möglichkeiten im Untergeschoss

Das Untergeschoss beeindruckt mit fünf vielseitig nutzbaren Räumen, zwei davon mit charmanten kleinen Fenstern. Ein Raum verfügt sogar über einen eigenen separaten Zugang zum Haus. Die Optionen sind so vielfältig wie Ihre Träume ? nutzen Sie diese Räume als Home-Office, Gästesuite oder Fitnessoase. Von dem Untergeschoss hat man ein seperaten Zugang zum Haus.





Der Garten als Ihr persönlicher Rückzugsort

Ihr neues Zuhause ist nicht nur auf die Innenräume beschränkt. Der Garten, den man direkt vom Wohnzimmer erreicht, erweitert Ihren Wohnraum nach draussen. Hier können Sie im Sommer wie im Winter die Natur in vollen Zügen geniessen und Ihre persönliche Oase gestalten.





Der Beginn einer neuen Lebensreise

In diesem Reiheneinfamilienhaus in Altikon erwartet Sie nicht nur ein neues Zuhause, sondern eine Lebenserfahrung. Hier wird jeder Tag zu einem Abenteuer, jeder Raum zu einem Erlebnis. Zögern Sie nicht, uns für weitere Informationen oder eine persönliche Besichtigung zu kontaktieren. Dieses Haus erzählt Geschichten und wartet darauf, Ihre eigene Geschichte zu beherbergen. Der perfekte Zeitpunkt für Ihr neues Kapitel ist jetzt! Gehen Sie den ersten Schritt und lassen Sie sich von diesem einzigartigen Haus verzaubern. Ihr Traumhaus wartet auf Sie!",On request,7.5,"203
m2","Thurtalstrasse 8, 8479 Altikon","47.572604527655,8.779811024609","{'Availability:': 'By agreement', 'Type:': 'Row house', 'No. of rooms:': '7.5', 'Number of floors:': '5', 'Surface living:': '203 m2', 'Floor space:': '112 m2', 'Land area:': '243 m2', 'Last refurbishment:': '2023'}","Pets allowed, Balcony / Terrace, Child-friendly, Parking space, Garage",https://www.immoscout24.ch/buy/4000759059,,,+41797418888,,2024-02-12T09:26:05.000,2024-02-12T09:26:05.000
19,1782,4000759247,active,"""Totalsaniertes Mehrfamilienhaus mit 13 Wohnungen zu verkaufen""","Totalsaniertes MFH mit 13 Wohnungen zu verkaufen, alle Wohnungen sind vermietet, bitte kontaktieren Sie mich für eine erste Besprechung vor Ort. esbauplanung@gmail.com 079 704 16 33","CHF
3,216,000.–",,"336
m2","Hauptstrasse 58, 4446 Buckten","47.413794736264,7.849782172241","{'Availability:': 'By agreement', 'Type:': 'Multi-family house', 'Number of floors:': '3', 'Surface living:': '336 m2', 'Volume:': '1956 m3', 'Last refurbishment:': '2023'}","Wheelchair access, Parking space",https://www.immoscout24.ch/buy/4000759247,,"Searchitekten, Immobilien",+41797041633,,2024-02-12T10:49:41.000,2024-02-12T10:49:41.000
20,1789,4000759193,active,"""Trouvaille am Waldrand mit Panoramasicht""","Architektur - Trouvaille mit Panoramablick auf Olten 
HIGHLIGHTS DER LIEGENSCHAFT
Unverbaubare Panoramalage am Waldrand da angrenzende Landwirtschaftszone
Architekturtrouvaille von Fuhrimann Hächler Architekten, ETH_BSA_SIA
Ausnützungsziffer der Parzelle nicht ausgeschöpft = Erweiterungspotenzial im Erdgeschoss möglich
Zentrale Standort im Herzen der Schweiz
Perfekte Bahnlogistik in 30 Minuten nach Zürich – Basel Bern  - Luzern
Grosse Gartenanlage mit Aussenküche _ Vielfältiger Baumbestand
Naherholungsgebiet Bornwald vor der Haustüre
Lifterschliessung von Erdgeschoss ins Dachgeschoss
Überdachtes Atrium im Dachgeschoss
Hochwertiger Ausbaustandard in der Materialisierung _ Cheminée und Dampfdusche
Raumbildung durch Einbauschränke _ Viel Stauraum
Kunst am Bau – Kunsttapete von Pipilotti Rist
Das von den Architekten Fuhrimann und Hächler entworfene Wohnhaus ist ein besonderes Eigenheim. Das Wohnhaus befindet sich auf einem Eckgrundstück des Wohnquartiers Bornwald am Orts- und Waldrand von Olten. Die Ecklage ermöglicht eine unverbaubare Sicht, über die Felder, den Wald im Süden und die Stadt Olten im Norden. Die Hanglage ermöglicht einen Panoramablick über die Stadt, Wälder und die Hügellandschaft des Juras. 
Das Bornwaldquartier eignet sich als Wohnsitz für eine Familie sehr gut aber auch für Personen die das Spezielle und die Natur suchen. Alles ist in der Nähe und in Kürze erreichbar. In wenigen Gehminute erreicht man die Bushaltestelle von welcher man im viertelstunden Takt die Stadt in 7 Min. erreicht.","CHF
1,990,000.–",5.5,"240
m2","Gheidmattweg 1, 4600 Olten","47.338874034262,7.892792172246","{'Availability:': 'Immediately', 'Type:': 'Single house', 'No. of rooms:': '5.5', 'Number of floors:': '3', 'Surface living:': '240 m2', 'Land area:': '688 m2', 'Volume:': '1400 m3', 'Year built:': '2015'}","Balcony / Terrace, Storeroom, Dishwasher, Cable TV, Fireplace, View, Wheelchair access, Child-friendly, Parking space, Garage, Elevator, Minergie construction",https://www.immoscout24.ch/buy/4000759193,,Manuela Sulzer,+41793093450,,2024-02-12T10:49:41.000,2024-02-12T10:49:41.000
21,1835,4000759599,active,"""A vendre appartement à Corgémont""","Au centre de Corgémont à vendre sur plan dès maintenant, finition pour l'été 2025, nouveaux appartements de 3 1/2 pièces et 4 1/2 pièces de 113 à 130m2, appartements avec mezzanines de 2 1/2 et 3 1/2 pièces de 120 à 150m2. Tout confort, chambre à coucher avec salle de bain, ascenseur, terrasse avec réduit, 2 appartements avec jardin, place de parc dans garage sous-terrain, cave, etc.
Il est possible de choisir l'aménagement intérieur tel que cuisine, salle de bain, appareils sanitaires revêtement des murs et des sols.
Prix de vente dès CHF 535'000.- , selon exécution.
Renseignements et documentation par e-mail ou sur rendez-vous.",On request,3.5,"113
m2","au centre du Village, 2606 Corgémont","47.182408634261,7.143601744543","{'Availability:': 'By agreement', 'Type:': 'Apartment', 'No. of rooms:': '3.5', 'Surface living:': '113 m2', 'Year built:': '2024'}","Balcony / Terrace, Wheelchair access, Parking space, Garage, Elevator, New building",https://www.immoscout24.ch/buy/4000759599,,,+41324895354,,2024-02-12T11:35:52.000,2024-02-12T11:35:52.000
22,1843,4000760148,active,"""Appartement 2 .5 à 4 min à pied des remontées""","Excellente occasion pour les amants de la nature dans le 3ème domaine skiable le plus élévé en Suisse.
Bel appartement (possibilité de l'acheter meublé) au centre de Veysonnaz à 4 min à pied des remontées. À 30 secondes à pied vous trouverez: arrêt de bus, supermarché, 4 restaurants, piscines publique, Spa, magasin de décoration, etc. La rue a été rénovée et rendue rue piétonne.
L'appartement a été rénové en 2023 (système électrique, frigo, lave-vaisselle, internet). Il a une salle de bain avec baignoire, cuisine séparée ainsi qu'une chambre et un gran balcon. Il a un lit double dans la chambre, un sofa-lit et deux lits escamotables superposés à l'entrée. L'immeuble a une salle pour laver le linge, une cave et une salle de skis. L'appartement a 45 m2, un balcon de 8 m2, une cave et des charges mensuelles de 200 CHF.
Visites le 2, 9, et 16 mars à partir de 14:00.
La signature de la vente aura lieu au notaire de Martigny.","CHF
365,000.–",2.5,"45
m2","Route de Pra 19, 1993 Veysonnaz","46.192914735273,7.338161601152","{'Availability:': '01.05.2024', 'Type:': 'Apartment', 'No. of rooms:': '2.5', 'Floor:': '3', 'Surface living:': '45 m2', 'Last refurbishment:': '2023', 'Year built:': '1973'}","Balcony / Terrace, Wheelchair access, Child-friendly, Elevator",https://www.immoscout24.ch/buy/4000760148,,Antoine Ventura,+41764666942,,2024-02-12T12:32:04.000,2024-02-12T12:32:04.000
